Zip_Rent,Restaurant_Number,Restaurant_Avg_Rating,Restaurant_Avg_Review,Gym_Number,Gym_Avg_Rating,Gym_Avg_Review,Cleaning_Number,Cleaning_Avg_Rating,Clenaing_Avg_Review,Grocery_Number,Grocery_Avg_Rating,Grocery_Avg_Review
10003,587,3.763203,263.061329,224,4.129464,43.959821,197,3.058376,18.482234,125,3.492,166.552
10004,147,3.493197,92.129252,22,4.045455,38.681818,13,3.192308,19,32,2.828125,52.1875
10014,522,3.744253,222.371648,162,4.126543,45.191358,125,3.02,15.096,108,3.375,56.305556
10065,450,3.486667,115.8,111,4.076577,25.882883,151,2.956954,10.013245,97,2.912371,100.082474
10069,92,3.48913,124.271739,46,3.836957,29.717391,31,2.758065,8.903226,27,2.925926,96.851852